res.1	tSNE_1	tSNE_2
TGACTGGATTCTCA	0	-12.2713036668417	8.60305500557486
AGTCAGACTGCACA	0	16.2017097392333	11.9711820108443
AGAGATGATCTCGC	0	-6.2934550866346	28.1804779997718
GGGTAACTCTAGTG	0	-12.790928570282	32.0014392477268
CTAAACCTGTGCAT	1	-12.7331366204997	29.2751379567338
TTGGTACTGAATCC	0	-9.49869577094564	33.2646927294222
TACATCACGCTAAC	0	-8.76168919124981	31.878482659018
TTACCATGAATCGC	1	11.2675248014038	-7.75021928784721
ATAGGAGAAACAGA	1	10.8306427922394	-1.66488562447638
GCGCACGACTTTAC	1	12.1260090549679	-4.19425726281075
ACTCGCACGAAAGT	1	10.5188377260915	-2.89203377506383
ATTACCTGCCTTAT	1	10.8128886444746	-5.31623860857461
AAATTCGAATCACG	1	11.0298488301873	-10.7859849020589
CCATCCGATTCGCC	1	0.524525437023198	2.66807749057396
TCCACTCTGAGCTT	1	2.84238565980326	-6.76593403910533
CATCAGGATGCACA	0	1.76594933207862	13.7652064725374
CTAAACCTCTGACA	2	-13.7692297121024	-0.965414837950798
GATAGAGAAGGGTG	1	0.291315720641329	-1.49978014482296
CTAACGGAACCGAT	2	-19.8231776606336	-7.67262574738211
AGATATACCCGTAA	2	-16.4125991062565	-2.99539911638109
TACTCTGAATCGAC	2	-21.2903850955788	-12.0934748064841
GCGCATCTTGCTCC	2	-16.3665092035161	-1.58060074802821
GTTGACGATATCGG	2	-19.1541321965727	-9.19189600886362
ACAGGTACTGGTGT	2	-18.6680516907616	-10.6042361121496
GGCATATGCTTATC	2	-19.8158417849947	-11.0518872421371
CATTACACCAACTG	2	-19.5250301749032	-13.4461417086151
TAGGGACTGAACTC	1	19.818541617231	-0.769798168373335
GCTCCATGAGAAGT	0	-3.22727855419941	17.5278758805295
TACAATGATGCTAG	0	-1.56330086204179	17.8771146358498
CTGCCAACAGGAGC	0	-12.9832436186859	7.25177819415843
TTGCATTGAGCTAC	0	2.96627014913025	13.5316278466404
AAGCAAGAGCTTAG	2	-15.2649216937965	-2.23152999495722
GGTGGAGATTACTC	2	-13.7189331899134	4.59658154602671
CGTAGCCTGTATGC	1	12.3258275678348	-9.94485261081986
TGAGCTGAATGCTG	0	-0.00321783394791109	15.5313850885928
CCTATAACGAGACG	1	0.480240875738425	1.68130631743126
AAGCGACTTTGACG	0	-0.0225278466857864	8.84846285117555
ACCAGTGAATACCG	1	10.4889686020557	0.136584957234625
ATTGCACTTGCTTT	2	-11.9836274010128	-0.609268853431641
CTAGGTGATGGTTG	1	11.3331361315185	1.92599708533521
GCACTAGACCTTTA	0	13.1989562321152	7.03091651912803
CATGCGCTAGTCAC	1	4.13355331866373	2.79333276328969
TTGAGGACTACGCA	1	2.22054256927936	-2.0733281421002
ATACCACTCTAAGC	0	3.38328731122503	12.3017263635757
CATATAGACTAAGC	1	4.00463043350777	0.770288366183648
TTTAGCTGTACTCT	1	11.7606525635414	4.62914589546869
GACATTCTCCACCT	1	3.44396623461399	-3.50107966300236
ACGTGATGCCATGA	1	3.12928147928179	-0.120617397192835
ATTGTAGATTCCCG	1	3.06626623542052	-4.89679708780523
GATAGAGATCACGA	1	13.5957876040217	-1.5966398464743
AATGCGTGGACGGA	1	18.7607658265677	-1.20003037901823
GCGTAAACACGGTT	1	12.3283890508772	5.55172281677574
ATTCAGCTCATTGG	3	6.44195951702474	-51.6852110877444
GGCATATGGGGAGT	3	2.47936462642163	-50.9310316074658
ATCATCTGACACCA	3	4.95775734183215	-54.900513443817
GTCATACTTCGCCT	3	5.93683353605605	-50.5698920571868
TTACGTACGTTCAG	3	4.19927326188867	-50.3082081371591
GAGTTGTGGTAGCT	3	6.34942307519876	-55.7263335502884
GACGCTCTCTCTCG	3	6.57764344276508	-48.6447265281689
AGTCTTACTTCGGA	3	3.46879790519436	-53.1112770091255
GGAACACTTCAGAC	3	5.09532209179017	-52.2787745538819
CTTGATTGATCTTC	3	4.80898337405577	-47.9329706481552
